<?xml version="1.0" encoding="UTF-8"?>
<!DOCTYPE suite SYSTEM "https://testng.org/testng-1.0.dtd">
<suite name="Suite" parallel="tests" thread-count="2">
<test  name="Test">
  <parameter name="Browser" value="FF" />
  <classes>
 
<class name="Other.Cross"/>
 
</classes>
</test>
<test name="Test1">
  <parameter name="Browser" value="Chrome" />
  <classes>
 
<class name="Other.Cross"/>
 
</classes>
  </test>
<test name="Test2">
  <parameter name="Browser" value="Edge" />
  <classes>
 
<class name="Other.Cross"/>
 
</classes>
  </test> <!-- Test -->
</suite> <!-- Suite -->